ACCIDENT_DATE,ACCIDENT_TIME,ALCOHOLTIME,ACCIDENT_TYPE,DCA_CODE,HIT_RUN_FLAG,LIGHT_CONDITION,POLICE_ATTEND,ROAD_GEOMETRY,SEVERITY,SPEED_ZONE,LONGITUDE,LATITUDE,LGA_NAME,REGION_NAME,TOTAL_PERSONS,INJ_OR_FATAL,FATALITY,SERIOUSINJURY,OTHERINJURY,NONINJURED,MALES,FEMALES,BICYCLIST,PASSENGER,DRIVER,PEDESTRIAN,PILLION,MOTORIST,UNKNOWN,PED_CYCLIST_5_12,PED_CYCLIST_13_18,OLD_PEDESTRIAN,OLD_DRIVER,YOUNG_DRIVER,ALCOHOL_RELATED,UNLICENCSED,NO_OF_VEHICLES,HEAVYVEHICLE,PASSENGERVEHICLE,MOTORCYCLE,PUBLICVEHICLE,DEG_URBAN_NAME
13/05/2013,06.40.00,No,Collision with vehicle,OTHER OPPOSING MANOEUVRES NOT INCLUDED IN DCAs 120-125.,No,Unk.,No,Multiple intersection,Other injury accident,Not known,144.91778,-37.75501,MOONEE VALLEY,METROPOLITAN NORTH WEST REGION,2,1,0,0,1,1,2,0,1,0,1,0,0,0,0,0,0,0,1,0,No,0,2,0,1,0,0,Metropolitan Excluding CBD
13/05/2013,15.35.00,No,Collision with vehicle,VEHICLE COLLIDES WITH VEHICLE PARKED ON LEFT OF ROAD,No,Day,Yes,T intersection,Serious injury accident,40 km/hr,144.93161,-37.78005,MOONEE VALLEY,METROPOLITAN NORTH WEST REGION,2,2,0,1,1,0,1,1,0,1,1,0,0,0,0,0,0,0,1,0,No,0,4,0,4,0,0,Metropolitan Excluding CBD
15/05/2013,17.18.00,No,Vehicle overturned (no collision),OUT OF CONTROL ON CARRIAGEWAY (ON STRAIGHT),No,Dusk/Dawn,Yes,Cross intersection,Serious injury accident,60 km/hr,144.91956,-37.7721,MOONEE VALLEY,METROPOLITAN NORTH WEST REGION,1,1,0,1,0,0,1,0,0,0,0,0,0,1,0,0,0,0,0,0,No,0,1,0,0,1,0,Metropolitan Excluding CBD
16/05/2013,07.16.00,No,Collision with vehicle,CROSS TRAFFIC(INTERSECTIONS ONLY),No,Dusk/Dawn,No,Cross intersection,Other injury accident,50 km/hr,144.91921,-37.7469,MOONEE VALLEY,METROPOLITAN NORTH WEST REGION,2,1,0,0,1,1,1,1,1,0,1,0,0,0,0,0,0,0,0,1,No,0,2,0,1,0,0,Metropolitan Excluding CBD
17/05/2013,05.50.00,Yes,Struck Pedestrian,FAR SIDE. PED HIT BY VEHICLE FROM THE LEFT,No,Dark Street lights unknown,No,Cross intersection,Other injury accident,60 km/hr,144.91114,-37.7768,MOONEE VALLEY,METROPOLITAN NORTH WEST REGION,2,1,0,0,1,1,1,1,0,0,1,1,0,0,0,0,0,0,0,0,No,0,1,0,1,0,0,Metropolitan Excluding CBD
20/05/2013,16.22.00,No,Struck Pedestrian,PED NEAR SIDE. PED HIT BY VEHICLE FROM THE RIGHT.,No,Day,No,Cross intersection,Other injury accident,60 km/hr,144.91618,-37.77174,MOONEE VALLEY,METROPOLITAN NORTH WEST REGION,2,1,0,0,1,1,1,1,0,0,1,1,0,0,0,0,0,0,0,1,No,0,1,0,1,0,0,Metropolitan Excluding CBD
21/05/2013,10.50.00,No,Collision with a fixed object,LEFT OFF CARRIAGEWAY INTO OBJECT/PARKED VEHICLE,No,Day,Yes,Not at intersection,Serious injury accident,60 km/hr,144.90279,-37.74154,MOONEE VALLEY,METROPOLITAN NORTH WEST REGION,1,1,0,1,0,0,0,1,0,0,1,0,0,0,0,0,0,0,0,0,No,0,1,0,1,0,0,Metropolitan Excluding CBD
21/05/2013,17.30.00,No,Collision with vehicle,LEFT REAR,No,Dusk/Dawn,No,Cross intersection,Other injury accident,60 km/hr,144.88872,-37.71114,MOONEE VALLEY,METROPOLITAN NORTH WEST REGION,2,1,0,0,1,1,0,2,0,0,2,0,0,0,0,0,0,0,0,0,No,0,2,0,2,0,0,Metropolitan Excluding CBD
22/05/2013,19.00.00,Yes,Collision with vehicle,REAR END(VEHICLES IN SAME LANE),No,Dark Street lights on,Yes,T intersection,Other injury accident,60 km/hr,144.87035,-37.77003,MOONEE VALLEY,METROPOLITAN NORTH WEST REGION,3,1,0,0,1,2,2,1,0,1,2,0,0,0,0,0,0,0,0,1,No,0,2,0,2,0,0,Metropolitan Excluding CBD
23/05/2013,18.00.00,Yes,Collision with vehicle,RIGHT TURN SIDESWIPE,No,Dark Street lights on,Yes,T intersection,Other injury accident,50 km/hr,144.93336,-37.76821,MOONEE VALLEY,METROPOLITAN NORTH WEST REGION,2,1,0,0,1,1,2,0,1,0,1,0,0,0,0,0,1,0,0,0,No,0,2,0,1,0,0,Metropolitan Excluding CBD
23/05/2013,18.03.00,Yes,Collision with vehicle,REAR END(VEHICLES IN SAME LANE),No,Dark Street lights on,Yes,Not at intersection,Other injury accident,60 km/hr,144.86368,-37.74083,MOONEE VALLEY,METROPOLITAN NORTH WEST REGION,3,1,0,0,1,2,1,2,0,0,3,0,0,0,0,0,0,0,0,1,No,0,3,0,3,0,0,Metropolitan Excluding CBD
27/05/2013,18.20.00,Yes,Collision with vehicle,REAR END(VEHICLES IN SAME LANE),No,Day,Yes,Not at intersection,Other injury accident,60 km/hr,144.9084,-37.77391,MOONEE VALLEY,METROPOLITAN NORTH WEST REGION,2,1,0,0,1,1,0,2,0,0,2,0,0,0,0,0,0,0,0,2,No,0,2,0,2,0,0,Metropolitan Excluding CBD
29/05/2013,22.08.00,Yes,Collision with vehicle,RIGHT THROUGH,No,Dark Street lights on,Yes,Cross intersection,Serious injury accident,60 km/hr,144.92691,-37.7727,MOONEE VALLEY,METROPOLITAN NORTH WEST REGION,2,1,0,1,0,1,1,1,0,0,1,0,0,1,0,0,0,0,0,1,No,1,2,0,1,1,0,Metropolitan Excluding CBD
30/05/2013,15.15.00,No,Collision with vehicle,VEHICLE COLLIDES WITH VEHICLE PARKED ON LEFT OF ROAD,No,Day,Yes,Not at intersection,Serious injury accident,100 km/hr,144.86976,-37.72927,MOONEE VALLEY,METROPOLITAN NORTH WEST REGION,3,1,0,1,0,2,3,0,0,0,3,0,0,0,0,0,0,0,0,0,No,0,3,1,2,0,0,Metropolitan Excluding CBD
30/05/2013,17.25.00,No,Collision with vehicle,REAR END(VEHICLES IN SAME LANE),No,Dark Street lights on,Yes,Not at intersection,Other injury accident,100 km/hr,144.88873,-37.7343,MOONEE VALLEY,METROPOLITAN NORTH WEST REGION,5,2,0,0,2,3,3,2,0,1,4,0,0,0,0,0,0,0,0,2,No,0,4,0,4,0,0,Metropolitan Excluding CBD
30/05/2013,10.40.00,No,Struck Pedestrian,PED NEAR SIDE. PED HIT BY VEHICLE FROM THE RIGHT.,No,Day,No,T intersection,Other injury accident,50 km/hr,144.91434,-37.76604,MOONEE VALLEY,METROPOLITAN NORTH WEST REGION,2,1,0,0,1,1,0,2,0,0,1,1,0,0,0,0,0,0,0,0,No,0,1,0,1,0,0,Metropolitan Excluding CBD
30/05/2013,18.30.00,Yes,Collision with vehicle,REAR END(VEHICLES IN SAME LANE),No,Dark Street lights on,No,Not at intersection,Other injury accident,80 km/hr,144.90455,-37.73634,MOONEE VALLEY,METROPOLITAN NORTH WEST REGION,3,1,0,0,1,2,0,3,0,1,2,0,0,0,0,0,0,0,0,0,No,0,2,0,2,0,0,Metropolitan Excluding CBD
2/06/2013,17.00.00,Yes,No collision and no object struck,OUT OF CONTROL ON CARRIAGEWAY (ON STRAIGHT),No,Dusk/Dawn,No,T intersection,Other injury accident,60 km/hr,144.88815,-37.71665,MOONEE VALLEY,METROPOLITAN NORTH WEST REGION,1,1,0,0,1,0,1,0,0,0,0,0,0,1,0,0,0,0,0,0,No,0,1,0,0,1,0,Metropolitan Excluding CBD
4/06/2013,17.30.00,No,Collision with vehicle,LANE CHANGE LEFT (NOT OVERTAKING),No,Dark Street lights off,No,Cross intersection,Other injury accident,60 km/hr,144.92776,-37.7744,MOONEE VALLEY,METROPOLITAN NORTH WEST REGION,2,1,0,0,1,1,2,0,0,0,1,0,0,1,0,0,0,0,0,0,No,0,2,0,1,1,0,Metropolitan Excluding CBD
4/06/2013,18.15.00,Yes,Collision with vehicle,OTHER ON PATH,No,Dark Street lights on,Yes,Not at intersection,Other injury accident,50 km/hr,144.91059,-37.75656,MOONEE VALLEY,METROPOLITAN NORTH WEST REGION,1,1,0,0,1,0,1,0,0,0,1,0,0,0,0,0,0,0,0,0,Yes,0,2,0,2,0,0,Metropolitan Excluding CBD
5/06/2013,19.07.00,Yes,Collision with vehicle,RIGHT THROUGH,No,Dark Street lights on,Yes,T intersection,Serious injury accident,60 km/hr,144.88317,-37.73396,MOONEE VALLEY,METROPOLITAN NORTH WEST REGION,2,1,0,1,0,1,1,1,1,0,1,0,0,0,0,0,0,0,0,1,No,1,2,0,1,0,0,Metropolitan Excluding CBD
5/06/2013,22.50.00,Yes,Collision with vehicle,RIGHT FAR (INTERSECTIONS ONLY),No,Dark Street lights on,Yes,Cross intersection,Serious injury accident,60 km/hr,144.93261,-37.78125,MOONEE VALLEY,METROPOLITAN NORTH WEST REGION,2,1,0,1,0,1,1,1,0,0,1,0,0,1,0,0,0,0,1,0,No,0,2,0,1,1,0,Metropolitan Excluding CBD
7/06/2013,03.04.00,Yes,Collision with vehicle,RIGHT THROUGH,No,Dark No street lights,Yes,T intersection,Serious injury accident,60 km/hr,144.93912,-37.786,MOONEE VALLEY,METROPOLITAN NORTH WEST REGION,5,4,0,1,3,1,2,3,0,3,2,0,0,0,0,0,0,0,0,1,No,0,2,0,2,0,0,Metropolitan Excluding CBD
7/06/2013,05.55.00,Yes,Collision with vehicle,U TURN,No,Dark Street lights on,Yes,Not at intersection,Other injury accident,60 km/hr,144.93169,-37.7884,MOONEE VALLEY,METROPOLITAN NORTH WEST REGION,2,1,0,0,1,1,2,0,0,0,2,0,0,0,0,0,0,0,0,0,No,0,2,0,2,0,0,Metropolitan Excluding CBD
9/06/2013,12.45.00,No,No collision and no object struck,OUT OF CONTROL ON CARRIAGEWAY (ON STRAIGHT),No,Day,No,Not at intersection,Other injury accident,60 km/hr,144.88551,-37.7127,MOONEE VALLEY,METROPOLITAN NORTH WEST REGION,1,1,0,0,1,0,1,0,0,0,0,0,0,1,0,0,0,0,0,0,No,0,1,0,0,1,0,Metropolitan Excluding CBD
9/06/2013,16.18.00,Yes,Collision with a fixed object,LEFT OFF CARRIAGEWAY INTO OBJECT/PARKED VEHICLE,Yes,Day,Yes,T intersection,Other injury accident,50 km/hr,144.88218,-37.73275,MOONEE VALLEY,METROPOLITAN NORTH WEST REGION,2,1,0,0,1,1,1,0,0,0,1,0,0,0,1,0,0,0,0,0,No,0,2,0,1,0,0,Metropolitan Excluding CBD
11/06/2013,14.25.00,No,Collision with vehicle,U TURN,No,Day,Yes,Not at intersection,Other injury accident,60 km/hr,144.91691,-37.75439,MOONEE VALLEY,METROPOLITAN NORTH WEST REGION,3,1,0,0,1,2,2,1,0,1,2,0,0,0,0,0,0,0,0,0,No,0,2,0,1,0,1,Metropolitan Excluding CBD
12/06/2013,15.35.00,No,Struck Pedestrian,FAR SIDE. PED HIT BY VEHICLE FROM THE LEFT,No,Day,Yes,Not at intersection,Other injury accident,60 km/hr,144.86219,-37.74932,MOONEE VALLEY,METROPOLITAN NORTH WEST REGION,3,1,0,0,1,2,1,2,0,1,1,1,0,0,0,1,0,0,0,0,No,0,1,0,1,0,0,Metropolitan Excluding CBD
13/06/2013,07.30.00,No,Collision with vehicle,REAR END(VEHICLES IN SAME LANE),No,Dusk/Dawn,Not known,Not at intersection,Other injury accident,100 km/hr,144.90146,-37.73526,MOONEE VALLEY,METROPOLITAN NORTH WEST REGION,3,1,0,0,1,2,1,2,0,0,3,0,0,0,0,0,0,0,0,1,No,0,3,0,3,0,0,Metropolitan Excluding CBD
14/06/2013,21.40.00,Yes,Struck Pedestrian,PED NEAR SIDE. PED HIT BY VEHICLE FROM THE RIGHT.,No,Dark Street lights on,Yes,T intersection,Other injury accident,60 km/hr,144.88906,-37.73603,MOONEE VALLEY,METROPOLITAN NORTH WEST REGION,2,1,0,0,1,1,1,1,0,0,1,1,0,0,0,0,0,0,0,0,No,0,1,0,0,0,1,Metropolitan Excluding CBD
17/06/2013,02.00.00,Yes,Collision with a fixed object,RIGHT OFF CARRIAGEWAY INTO OBJECT/PARKED VEHICLE,Not known,Dark Street lights on,Yes,T intersection,Other injury accident,60 km/hr,144.92303,-37.76417,MOONEE VALLEY,METROPOLITAN NORTH WEST REGION,2,1,0,0,1,1,1,0,0,0,2,0,0,0,0,0,0,0,0,1,No,0,2,0,2,0,0,Metropolitan Excluding CBD
17/06/2013,07.30.00,No,Collision with vehicle,HEAD ON (NOT OVERTAKING),No,Dusk/Dawn,No,T intersection,Other injury accident,50 km/hr,144.85807,-37.73699,MOONEE VALLEY,METROPOLITAN NORTH WEST REGION,2,1,0,0,1,1,1,1,0,0,2,0,0,0,0,0,0,0,0,0,No,0,2,0,2,0,0,Metropolitan Excluding CBD
22/06/2013,23.33.00,Yes,Struck Pedestrian,PED NEAR SIDE. PED HIT BY VEHICLE FROM THE RIGHT.,No,Dark Street lights on,Yes,Not at intersection,Other injury accident,100 km/hr,144.89211,-37.7188,MOONEE VALLEY,METROPOLITAN NORTH WEST REGION,2,1,0,0,1,1,2,0,0,0,1,1,0,0,0,0,1,0,0,0,No,0,1,0,1,0,0,Metropolitan Excluding CBD
23/06/2013,00.10.00,Yes,Struck Pedestrian,ANY MANOEUVRE INVOLVING PED NOT INCLUDED IN DCAs 100-108.,Yes,Dark Street lights on,Yes,T intersection,Other injury accident,Not known,144.86234,-37.74847,MOONEE VALLEY,METROPOLITAN NORTH WEST REGION,2,1,0,0,1,1,1,0,0,0,0,1,0,0,1,0,0,0,0,0,No,0,1,0,0,0,0,Metropolitan Excluding CBD
24/06/2013,18.20.00,Yes,Collision with vehicle,REAR END(VEHICLES IN SAME LANE),No,Dark Street lights on,Yes,Not at intersection,Other injury accident,100 km/hr,144.93903,-37.7873,MOONEE VALLEY,METROPOLITAN NORTH WEST REGION,2,1,0,0,1,1,1,1,0,0,2,0,0,0,0,0,0,0,0,0,No,0,2,0,2,0,0,Metropolitan Excluding CBD
25/06/2013,07.50.00,No,Collision with vehicle,REAR END(VEHICLES IN SAME LANE),No,Dusk/Dawn,Yes,Not at intersection,Other injury accident,60 km/hr,144.92391,-37.76484,MOONEE VALLEY,METROPOLITAN NORTH WEST REGION,2,1,0,0,1,1,0,2,0,0,2,0,0,0,0,0,0,0,0,0,No,0,2,0,2,0,0,Metropolitan Excluding CBD
29/06/2013,21.56.00,Yes,Struck Pedestrian,VEH STRIKES PED ON FOOTPATH/MEDIAN/TRAFFIC ISLAND.,No,Dark No street lights,Yes,Not at intersection,Serious injury accident,Not known,144.93212,-37.74427,MOONEE VALLEY,METROPOLITAN NORTH WEST REGION,2,1,0,1,0,1,1,1,0,0,1,1,0,0,0,0,0,0,0,0,No,0,1,0,1,0,0,Metropolitan Excluding CBD
30/06/2013,17.25.00,Yes,Collision with vehicle,RIGHT REAR.,No,Dark Street lights on,Yes,T intersection,Other injury accident,60 km/hr,144.91005,-37.77106,MOONEE VALLEY,METROPOLITAN NORTH WEST REGION,3,1,0,0,1,2,2,1,0,0,3,0,0,0,0,0,0,0,0,0,No,0,3,0,3,0,0,Metropolitan Excluding CBD
1/07/2013,18.30.00,Yes,Vehicle overturned (no collision),OUT OF CONTROL ON CARRIAGEWAY (ON STRAIGHT),No,Dark Street lights unknown,No,Not at intersection,Other injury accident,100 km/hr,144.88809,-37.73423,MOONEE VALLEY,METROPOLITAN NORTH WEST REGION,1,1,0,0,1,0,0,1,0,0,0,0,0,1,0,0,0,0,0,0,No,0,1,0,0,1,0,Metropolitan Excluding CBD
3/07/2013,08.35.00,No,Collision with vehicle,CROSS TRAFFIC(INTERSECTIONS ONLY),No,Day,Yes,Cross intersection,Other injury accident,50 km/hr,144.91921,-37.7469,MOONEE VALLEY,METROPOLITAN NORTH WEST REGION,6,1,0,0,1,5,2,4,0,4,2,0,0,0,0,0,0,0,0,0,No,0,2,0,2,0,0,Metropolitan Excluding CBD
3/07/2013,13.15.00,No,Collision with a fixed object,RIGHT OFF CARRIAGEWAY INTO OBJECT/PARKED VEHICLE,No,Day,Yes,Not at intersection,Fatal accident,100 km/hr,144.89064,-37.72837,MOONEE VALLEY,METROPOLITAN NORTH WEST REGION,2,1,1,0,0,1,2,0,0,0,2,0,0,0,0,0,0,0,1,0,No,0,2,0,2,0,0,Metropolitan Excluding CBD
3/07/2013,18.30.00,Yes,Collision with vehicle,REAR END(VEHICLES IN SAME LANE),No,Dark Street lights on,Yes,Not at intersection,Other injury accident,80 km/hr,144.89902,-37.73527,MOONEE VALLEY,METROPOLITAN NORTH WEST REGION,5,1,0,0,1,4,2,3,0,0,5,0,0,0,0,0,0,0,0,1,No,1,5,0,5,0,0,Metropolitan Excluding CBD
4/07/2013,17.35.00,No,Vehicle overturned (no collision),OUT OF CONTROL ON CARRIAGEWAY (ON STRAIGHT),No,Dark Street lights on,Yes,Not at intersection,Other injury accident,80 km/hr,144.92746,-37.73498,MOONEE VALLEY,METROPOLITAN NORTH WEST REGION,1,1,0,0,1,0,0,1,1,0,0,0,0,0,0,0,0,0,0,0,No,0,1,0,0,0,0,Metropolitan Excluding CBD
6/07/2013,12.24.00,No,Collision with vehicle,RIGHT THROUGH,No,Day,Yes,Cross intersection,Serious injury accident,60 km/hr,144.91994,-37.74258,MOONEE VALLEY,METROPOLITAN NORTH WEST REGION,3,1,0,1,0,2,1,2,0,1,1,0,0,1,0,0,0,0,0,0,No,0,2,0,1,1,0,Metropolitan Excluding CBD
7/07/2013,03.10.00,Yes,No collision and no object struck,OUT OF CONTROL ON CARRIAGEWAY (ON STRAIGHT),No,Dark Street lights on,Yes,T intersection,Serious injury accident,60 km/hr,144.92088,-37.77224,MOONEE VALLEY,METROPOLITAN NORTH WEST REGION,1,1,0,1,0,0,1,0,1,0,0,0,0,0,0,0,0,0,0,0,No,0,1,0,0,0,0,Metropolitan Excluding CBD
8/07/2013,15.00.00,No,Collision with vehicle,CROSS TRAFFIC(INTERSECTIONS ONLY),No,Day,Yes,Cross intersection,Other injury accident,50 km/hr,144.8957,-37.75181,MOONEE VALLEY,METROPOLITAN NORTH WEST REGION,3,2,0,0,2,1,0,3,0,1,2,0,0,0,0,0,0,0,0,1,No,0,2,0,2,0,0,Metropolitan Excluding CBD
9/07/2013,09.00.00,No,Struck Pedestrian,ANY MANOEUVRE INVOLVING PED NOT INCLUDED IN DCAs 100-108.,Yes,Day,Yes,Not at intersection,Other injury accident,40 km/hr,144.9253,-37.76842,MOONEE VALLEY,METROPOLITAN NORTH WEST REGION,2,1,0,0,1,1,1,1,0,0,1,1,0,0,0,0,0,0,0,0,No,0,1,0,1,0,0,Metropolitan Excluding CBD
9/07/2013,10.15.00,No,Collision with a fixed object,RIGHT OFF CARRIAGEWAY INTO OBJECT/PARKED VEHICLE,No,Day,Yes,T intersection,Serious injury accident,60 km/hr,144.86129,-37.76053,MOONEE VALLEY,METROPOLITAN NORTH WEST REGION,1,1,0,1,0,0,1,0,0,0,1,0,0,0,0,0,0,0,0,0,No,0,1,0,1,0,0,Metropolitan Excluding CBD
11/07/2013,11.52.00,No,Collision with vehicle,RIGHT NEAR (INTERSECTIONS ONLY),No,Day,Yes,T intersection,Other injury accident,60 km/hr,144.91648,-37.75696,MOONEE VALLEY,METROPOLITAN NORTH WEST REGION,3,1,0,0,1,2,1,2,0,1,2,0,0,0,0,0,0,0,0,1,No,0,2,0,2,0,0,Metropolitan Excluding CBD
11/07/2013,18.12.00,Yes,Collision with vehicle,REAR END(VEHICLES IN SAME LANE),No,Dark Street lights on,Yes,Not at intersection,Serious injury accident,100 km/hr,144.9185,-37.73297,MOONEE VALLEY,METROPOLITAN NORTH WEST REGION,3,2,0,2,0,1,2,1,0,1,2,0,0,0,0,0,0,0,0,0,No,0,2,0,2,0,0,Metropolitan Excluding CBD
12/07/2013,08.36.00,No,Struck Pedestrian,PED NEAR SIDE. PED HIT BY VEHICLE FROM THE RIGHT.,No,Day,Yes,Cross intersection,Serious injury accident,50 km/hr,144.86237,-37.7703,MOONEE VALLEY,METROPOLITAN NORTH WEST REGION,2,1,0,1,0,1,1,1,0,0,1,1,0,0,0,0,0,1,0,1,No,0,1,0,1,0,0,Metropolitan Excluding CBD
14/07/2013,21.45.00,Yes,Collision with vehicle,U TURN,No,Dark Street lights on,Yes,T intersection,Other injury accident,60 km/hr,144.90223,-37.7413,MOONEE VALLEY,METROPOLITAN NORTH WEST REGION,3,1,0,0,1,2,2,1,0,1,2,0,0,0,0,0,0,0,0,1,No,0,2,0,2,0,0,Metropolitan Excluding CBD
14/07/2013,17.30.00,Yes,Vehicle overturned (no collision),OUT OF CONTROL ON CARRIAGEWAY (ON STRAIGHT),No,Unk.,No,Cross intersection,Other injury accident,60 km/hr,144.92393,-37.77256,MOONEE VALLEY,METROPOLITAN NORTH WEST REGION,1,1,0,0,1,0,1,0,0,0,0,0,0,1,0,0,0,0,0,0,No,0,1,0,0,1,0,Metropolitan Excluding CBD
17/07/2013,13.58.00,No,Collision with vehicle,LEFT TURN SIDESWIPE,No,Day,Yes,Not at intersection,Serious injury accident,60 km/hr,144.88426,-37.7134,MOONEE VALLEY,METROPOLITAN NORTH WEST REGION,3,1,0,1,0,2,2,1,1,1,1,0,0,0,0,0,0,0,0,1,No,0,2,0,1,0,0,Metropolitan Excluding CBD
18/07/2013,17.45.00,No,Collision with vehicle,RIGHT THROUGH,No,Dusk/Dawn,No,T intersection,Other injury accident,60 km/hr,144.92088,-37.77224,MOONEE VALLEY,METROPOLITAN NORTH WEST REGION,2,1,0,0,1,1,1,1,0,0,2,0,0,0,0,0,0,0,0,0,No,0,2,0,2,0,0,Metropolitan Excluding CBD
21/07/2013,15.51.00,No,Collision with vehicle,RIGHT THROUGH,No,Day,Yes,T intersection,Other injury accident,60 km/hr,144.93912,-37.786,MOONEE VALLEY,METROPOLITAN NORTH WEST REGION,5,3,0,0,3,2,2,1,0,3,2,0,0,0,0,0,0,0,0,0,No,0,2,0,2,0,0,Metropolitan Excluding CBD
23/07/2013,02.10.00,Yes,Collision with a fixed object,RIGHT OFF CARRIAGEWAY INTO OBJECT/PARKED VEHICLE,No,Dark No street lights,Yes,Not at intersection,Serious injury accident,100 km/hr,144.92796,-37.736,MOONEE VALLEY,METROPOLITAN NORTH WEST REGION,1,1,0,1,0,0,0,1,0,0,1,0,0,0,0,0,0,0,0,1,No,0,1,0,1,0,0,Metropolitan Excluding CBD
23/07/2013,15.51.00,No,Struck Pedestrian,PED NEAR SIDE. PED HIT BY VEHICLE FROM THE RIGHT.,No,Day,Yes,Not at intersection,Serious injury accident,40 km/hr,144.91614,-37.72519,MOONEE VALLEY,METROPOLITAN NORTH WEST REGION,2,1,0,1,0,1,0,2,0,0,1,1,0,0,0,1,0,0,0,0,No,0,1,0,1,0,0,Metropolitan Excluding CBD
24/07/2013,15.10.00,No,Collision with vehicle,RIGHT NEAR (INTERSECTIONS ONLY),No,Day,Yes,T intersection,Other injury accident,60 km/hr,144.92172,-37.78561,MOONEE VALLEY,METROPOLITAN NORTH WEST REGION,3,3,0,0,3,0,2,1,0,1,2,0,0,0,0,0,0,0,1,0,No,0,2,0,2,0,0,Metropolitan Excluding CBD
24/07/2013,08.15.00,No,Collision with vehicle,REAR END(VEHICLES IN SAME LANE),No,Day,No,Not at intersection,Other injury accident,50 km/hr,144.91173,-37.75857,MOONEE VALLEY,METROPOLITAN NORTH WEST REGION,4,2,0,0,2,2,1,2,0,2,1,0,0,0,1,0,0,0,0,0,No,0,2,0,1,0,0,Metropolitan Excluding CBD
25/07/2013,15.00.00,No,Collision with vehicle,RIGHT THROUGH,No,Day,Yes,Cross intersection,Other injury accident,60 km/hr,144.92573,-37.75379,MOONEE VALLEY,METROPOLITAN NORTH WEST REGION,3,2,0,0,2,1,1,2,0,1,2,0,0,0,0,0,0,0,0,0,No,0,2,0,2,0,0,Metropolitan Excluding CBD
26/07/2013,10.40.00,No,Collision with vehicle,REAR END(VEHICLES IN SAME LANE),No,Day,No,T intersection,Other injury accident,60 km/hr,144.90252,-37.75541,MOONEE VALLEY,METROPOLITAN NORTH WEST REGION,3,1,0,0,1,2,2,1,0,0,3,0,0,0,0,0,0,0,0,0,No,0,3,0,3,0,0,Metropolitan Excluding CBD
29/07/2013,21.00.00,Yes,Struck Pedestrian,PED PLAYING/LYING/WORKING/STANDING ON CARRIAGEWAY.,No,Dark Street lights on,Yes,Not at intersection,Other injury accident,50 km/hr,144.92429,-37.7514,MOONEE VALLEY,METROPOLITAN NORTH WEST REGION,1,1,0,0,1,0,1,0,0,0,0,1,0,0,0,0,0,0,0,0,No,0,1,0,1,0,0,Metropolitan Excluding CBD
30/07/2013,18.21.00,Yes,Collision with vehicle,LANE SIDE SWIPE (VEHICLES IN PARALLEL LANES),No,Dark Street lights on,Yes,T intersection,Serious injury accident,60 km/hr,144.91549,-37.77166,MOONEE VALLEY,METROPOLITAN NORTH WEST REGION,3,1,0,1,0,2,1,2,1,0,2,0,0,0,0,0,0,0,0,2,No,0,3,0,2,0,0,Metropolitan Excluding CBD
1/08/2013,16.50.00,No,Collision with vehicle,REAR END(VEHICLES IN SAME LANE),No,Unk.,No,Not at intersection,Other injury accident,60 km/hr,144.89296,-37.73757,MOONEE VALLEY,METROPOLITAN NORTH WEST REGION,2,1,0,0,1,1,0,2,0,0,2,0,0,0,0,0,0,0,0,1,No,0,2,0,2,0,0,Metropolitan Excluding CBD
3/08/2013,13.20.00,No,Collision with vehicle,HEAD ON (NOT OVERTAKING),No,Day,Yes,T intersection,Other injury accident,60 km/hr,144.92569,-37.76261,MOONEE VALLEY,METROPOLITAN NORTH WEST REGION,4,2,0,0,2,2,3,1,0,1,3,0,0,0,0,0,0,0,0,0,No,0,4,0,4,0,0,Metropolitan Excluding CBD
4/08/2013,15.45.00,No,Collision with a fixed object,RIGHT OFF CARRIAGEWAY INTO OBJECT/PARKED VEHICLE,No,Day,Yes,Not at intersection,Other injury accident,50 km/hr,144.87506,-37.74523,MOONEE VALLEY,METROPOLITAN NORTH WEST REGION,2,1,0,0,1,1,2,0,0,1,1,0,0,0,0,0,0,0,1,0,No,0,1,0,1,0,0,Metropolitan Excluding CBD