ACCIDENT_DATE,ACCIDENT_TIME,ALCOHOLTIME,ACCIDENT_TYPE,DCA_CODE,HIT_RUN_FLAG,LIGHT_CONDITION,POLICE_ATTEND,ROAD_GEOMETRY,SEVERITY,SPEED_ZONE,LONGITUDE,LATITUDE,LGA_NAME,REGION_NAME,TOTAL_PERSONS,INJ_OR_FATAL,FATALITY,SERIOUSINJURY,OTHERINJURY,NONINJURED,MALES,FEMALES,BICYCLIST,PASSENGER,DRIVER,PEDESTRIAN,PILLION,MOTORIST,UNKNOWN,PED_CYCLIST_5_12,PED_CYCLIST_13_18,OLD_PEDESTRIAN,OLD_DRIVER,YOUNG_DRIVER,ALCOHOL_RELATED,UNLICENCSED,NO_OF_VEHICLES,HEAVYVEHICLE,PASSENGERVEHICLE,MOTORCYCLE,PUBLICVEHICLE,DEG_URBAN_NAME
5/08/2013,09.10.00,No,Collision with vehicle,RIGHT THROUGH,No,Day,Yes,T intersection,Serious injury accident,50 km/hr,144.89043,-37.72763,MOONEE VALLEY,METROPOLITAN NORTH WEST REGION,2,1,0,1,0,1,2,0,0,0,2,0,0,0,0,0,0,0,1,0,No,0,2,0,2,0,0,Metropolitan Excluding CBD
6/08/2013,06.20.00,No,Collision with vehicle,LEFT TURN SIDESWIPE,No,Dark Street lights unknown,No,Not at intersection,Other injury accident,60 km/hr,144.91523,-37.75143,MOONEE VALLEY,METROPOLITAN NORTH WEST REGION,2,1,0,0,1,1,2,0,1,0,1,0,0,0,0,0,0,0,0,0,No,0,2,0,1,0,0,Metropolitan Excluding CBD
8/08/2013,19.30.00,Yes,Collision with vehicle,U TURN,No,Dark Street lights on,No,Not at intersection,Serious injury accident,50 km/hr,144.91472,-37.77377,MOONEE VALLEY,METROPOLITAN NORTH WEST REGION,2,1,0,1,0,1,1,1,1,0,1,0,0,0,0,0,0,0,0,0,No,0,2,0,1,0,0,Metropolitan Excluding CBD
10/08/2013,10.29.00,No,Collision with vehicle,LEFT REAR,No,Day,Yes,Not at intersection,Other injury accident,60 km/hr,144.863,-37.74481,MOONEE VALLEY,METROPOLITAN NORTH WEST REGION,3,1,0,0,1,2,1,2,0,0,3,0,0,0,0,0,0,0,0,1,No,0,3,0,3,0,0,Metropolitan Excluding CBD
10/08/2013,14.30.00,Yes,Collision with vehicle,CROSS TRAFFIC(INTERSECTIONS ONLY),Yes,Day,No,Cross intersection,Other injury accident,50 km/hr,144.92781,-37.7638,MOONEE VALLEY,METROPOLITAN NORTH WEST REGION,2,2,0,0,2,0,1,0,1,0,0,0,0,0,1,0,0,0,0,0,No,0,2,0,0,0,0,Metropolitan Excluding CBD
12/08/2013,19.55.00,Yes,Collision with vehicle,CROSS TRAFFIC(INTERSECTIONS ONLY),No,Dark Street lights on,No,Cross intersection,Other injury accident,60 km/hr,144.91032,-37.74155,MOONEE VALLEY,METROPOLITAN NORTH WEST REGION,2,1,0,0,1,1,1,1,0,0,2,0,0,0,0,0,0,0,0,1,No,0,2,0,2,0,0,Metropolitan Excluding CBD
13/08/2013,07.40.00,No,Collision with a fixed object,LEFT OFF CARRIAGEWAY INTO OBJECT/PARKED VEHICLE,No,Day,Yes,Not at intersection,Other injury accident,100 km/hr,144.93905,-37.78727,MOONEE VALLEY,METROPOLITAN NORTH WEST REGION,1,1,0,0,1,0,1,0,0,0,1,0,0,0,0,0,0,0,0,1,No,0,1,0,1,0,0,Metropolitan Excluding CBD
15/08/2013,10.40.00,No,Collision with vehicle,RIGHT FAR (INTERSECTIONS ONLY),No,Day,No,T intersection,Other injury accident,60 km/hr,144.86198,-37.76216,MOONEE VALLEY,METROPOLITAN NORTH WEST REGION,2,1,0,0,1,1,1,1,0,0,2,0,0,0,0,0,0,0,0,0,No,0,2,0,2,0,0,Metropolitan Excluding CBD
15/08/2013,18.53.00,Yes,No collision and no object struck,OUT OF CONTROL ON CARRIAGEWAY (ON STRAIGHT),No,Dark Street lights on,Yes,Not at intersection,Other injury accident,60 km/hr,144.88379,-37.74815,MOONEE VALLEY,METROPOLITAN NORTH WEST REGION,2,1,0,0,1,1,1,1,0,0,1,0,0,1,0,0,0,0,0,0,No,0,2,0,1,1,0,Metropolitan Excluding CBD
15/08/2013,09.15.00,No,Collision with vehicle,REAR END(VEHICLES IN SAME LANE),No,Day,No,Cross intersection,Other injury accident,60 km/hr,144.9261,-37.75594,MOONEE VALLEY,METROPOLITAN NORTH WEST REGION,2,1,0,0,1,1,1,1,0,0,2,0,0,0,0,0,0,0,0,1,No,0,2,0,2,0,0,Metropolitan Excluding CBD
17/08/2013,13.30.00,No,Collision with vehicle,REAR END(VEHICLES IN SAME LANE),No,Unk.,No,Not at intersection,Other injury accident,100 km/hr,144.89716,-37.73497,MOONEE VALLEY,METROPOLITAN NORTH WEST REGION,3,1,0,0,1,2,2,1,0,1,2,0,0,0,0,0,0,0,0,1,No,0,2,0,2,0,0,Metropolitan Excluding CBD
19/08/2013,07.12.00,No,Collision with a fixed object,LEFT OFF CARRIAGEWAY INTO OBJECT/PARKED VEHICLE,Yes,Day,Yes,Cross intersection,Other injury accident,60 km/hr,144.90409,-37.77039,MOONEE VALLEY,METROPOLITAN NORTH WEST REGION,2,1,0,0,1,1,0,1,0,0,1,0,0,0,1,0,0,0,0,0,No,0,2,0,1,0,0,Metropolitan Excluding CBD
20/08/2013,19.30.00,Yes,Vehicle overturned (no collision),OFF CARRIAGEWAY TO LEFT,No,Dark Street lights on,Yes,Not at intersection,Other injury accident,60 km/hr,144.92617,-37.75634,MOONEE VALLEY,METROPOLITAN NORTH WEST REGION,1,1,0,0,1,0,1,0,0,0,0,0,0,1,0,0,0,0,0,0,No,0,1,0,0,1,0,Metropolitan Excluding CBD
21/08/2013,09.25.00,No,Struck Pedestrian,ANY MANOEUVRE INVOLVING PED NOT INCLUDED IN DCAs 100-108.,Yes,Unk.,No,Not at intersection,Other injury accident,50 km/hr,144.8989,-37.75974,MOONEE VALLEY,METROPOLITAN NORTH WEST REGION,2,1,0,0,1,1,2,0,0,0,1,1,0,0,0,0,0,1,0,0,No,0,1,0,1,0,0,Metropolitan Excluding CBD
21/08/2013,18.13.00,Yes,Struck Pedestrian,PED NEAR SIDE. PED HIT BY VEHICLE FROM THE RIGHT.,No,Dark Street lights on,Yes,Not at intersection,Other injury accident,50 km/hr,144.91788,-37.75598,MOONEE VALLEY,METROPOLITAN NORTH WEST REGION,2,1,0,0,1,1,1,1,0,0,1,1,0,0,0,0,0,0,0,0,No,0,1,0,1,0,0,Metropolitan Excluding CBD
21/08/2013,07.45.00,No,Collision with vehicle,REAR END(VEHICLES IN SAME LANE),No,Day,No,Not at intersection,Other injury accident,100 km/hr,144.93782,-37.76428,MOONEE VALLEY,METROPOLITAN NORTH WEST REGION,3,1,0,0,1,2,2,0,0,0,3,0,0,0,0,0,0,0,0,0,No,0,3,0,3,0,0,Metropolitan Excluding CBD
24/08/2013,03.30.00,Yes,Collision with a fixed object,RIGHT OFF CARRIAGEWAY INTO OBJECT/PARKED VEHICLE,No,Dark Street lights on,Yes,Not at intersection,Serious injury accident,60 km/hr,144.90593,-37.76404,MOONEE VALLEY,METROPOLITAN NORTH WEST REGION,2,2,0,1,1,0,1,1,0,1,1,0,0,0,0,0,0,0,0,0,Yes,0,1,0,1,0,0,Metropolitan Excluding CBD
26/08/2013,19.55.00,Yes,Collision with vehicle,REAR END(VEHICLES IN SAME LANE),No,Dark Street lights on,Yes,Cross intersection,Other injury accident,60 km/hr,144.86197,-37.75086,MOONEE VALLEY,METROPOLITAN NORTH WEST REGION,2,1,0,0,1,1,1,1,0,0,2,0,0,0,0,0,0,0,0,1,No,0,2,0,2,0,0,Metropolitan Excluding CBD
26/08/2013,12.20.00,No,Struck Pedestrian,FAR SIDE. PED HIT BY VEHICLE FROM THE LEFT,No,Day,No,Multiple intersection,Other injury accident,60 km/hr,144.92484,-37.76716,MOONEE VALLEY,METROPOLITAN NORTH WEST REGION,2,1,0,0,1,1,0,2,0,0,1,1,0,0,0,0,0,0,0,0,No,0,1,0,1,0,0,Metropolitan Excluding CBD
26/08/2013,12.05.00,No,Struck Pedestrian,FAR SIDE. PED HIT BY VEHICLE FROM THE LEFT,Yes,Day,Yes,Cross intersection,Other injury accident,60 km/hr,144.91115,-37.74629,MOONEE VALLEY,METROPOLITAN NORTH WEST REGION,2,1,0,0,1,1,0,2,0,0,1,1,0,0,0,0,0,0,0,0,No,0,1,0,1,0,0,Metropolitan Excluding CBD
28/08/2013,11.50.00,No,Struck Pedestrian,PED STRUCK WALKING TO/FROM OR BOARDING/ALIGHTING VEHICLE.,No,Day,Yes,Cross intersection,Other injury accident,60 km/hr,144.92691,-37.7727,MOONEE VALLEY,METROPOLITAN NORTH WEST REGION,2,1,0,0,1,1,2,0,0,0,1,1,0,0,0,0,0,0,0,0,No,0,1,0,1,0,0,Metropolitan Excluding CBD
30/08/2013,18.40.00,Yes,Collision with vehicle,REAR END(VEHICLES IN SAME LANE),Yes,Dark Street lights unknown,No,Multiple intersection,Serious injury accident,60 km/hr,144.91161,-37.74607,MOONEE VALLEY,METROPOLITAN NORTH WEST REGION,3,1,0,1,0,2,2,1,0,1,2,0,0,0,0,0,0,0,0,0,No,0,2,0,2,0,0,Metropolitan Excluding CBD
31/08/2013,10.03.00,No,Vehicle overturned (no collision),OFF CARRIAGEWAY TO LEFT,No,Unk.,No,Not at intersection,Serious injury accident,60 km/hr,144.92477,-37.76766,MOONEE VALLEY,METROPOLITAN NORTH WEST REGION,1,1,0,1,0,0,0,1,1,0,0,0,0,0,0,0,0,0,0,0,No,0,1,0,0,0,0,Metropolitan Excluding CBD
31/08/2013,11.22.00,No,Collision with vehicle,REAR END(VEHICLES IN SAME LANE),No,Day,Yes,Not at intersection,Serious injury accident,100 km/hr,144.89158,-37.72296,MOONEE VALLEY,METROPOLITAN NORTH WEST REGION,6,4,0,4,0,2,4,2,0,3,3,0,0,0,0,0,0,0,0,0,No,0,3,0,3,0,0,Metropolitan Excluding CBD
4/09/2013,07.20.00,No,Collision with vehicle,REAR END(VEHICLES IN SAME LANE),Yes,Dusk/Dawn,No,Not at intersection,Other injury accident,100 km/hr,144.91476,-37.73249,MOONEE VALLEY,METROPOLITAN NORTH WEST REGION,4,1,0,0,1,3,0,1,0,0,1,0,0,0,3,0,0,0,0,1,No,0,4,0,1,0,0,Metropolitan Excluding CBD
5/09/2013,14.00.00,No,Collision with vehicle,REAR END(VEHICLES IN SAME LANE),No,Day,No,Cross intersection,Other injury accident,60 km/hr,144.92497,-37.7349,MOONEE VALLEY,METROPOLITAN NORTH WEST REGION,2,1,0,0,1,1,1,1,0,0,2,0,0,0,0,0,0,0,0,1,No,0,2,0,2,0,0,Metropolitan Excluding CBD
5/09/2013,19.30.00,Yes,Struck Pedestrian,PED NEAR SIDE. PED HIT BY VEHICLE FROM THE RIGHT.,No,Dark Street lights on,Yes,Not at intersection,Serious injury accident,60 km/hr,144.90584,-37.76458,MOONEE VALLEY,METROPOLITAN NORTH WEST REGION,2,1,0,1,0,1,2,0,0,0,1,1,0,0,0,0,0,0,0,0,No,0,1,0,1,0,0,Metropolitan Excluding CBD
6/09/2013,23.04.00,Yes,Struck Pedestrian,FAR SIDE. PED HIT BY VEHICLE FROM THE LEFT,Yes,Dark Street lights on,Yes,T intersection,Other injury accident,60 km/hr,144.88906,-37.73603,MOONEE VALLEY,METROPOLITAN NORTH WEST REGION,2,1,0,0,1,1,1,0,0,0,0,1,0,0,1,0,0,0,0,0,No,0,1,0,0,0,0,Metropolitan Excluding CBD
6/09/2013,13.43.00,No,Struck Pedestrian,FAR SIDE. PED HIT BY VEHICLE FROM THE LEFT,No,Day,Yes,T intersection,Other injury accident,60 km/hr,144.92587,-37.76995,MOONEE VALLEY,METROPOLITAN NORTH WEST REGION,2,1,0,0,1,1,2,0,0,0,1,1,0,0,0,0,1,0,0,0,No,0,1,0,1,0,0,Metropolitan Excluding CBD
10/09/2013,17.45.00,No,Collision with vehicle,REAR END(VEHICLES IN SAME LANE),No,Dusk/Dawn,Yes,Not at intersection,Other injury accident,100 km/hr,144.9277,-37.73536,MOONEE VALLEY,METROPOLITAN NORTH WEST REGION,2,1,0,0,1,1,2,0,0,0,2,0,0,0,0,0,0,0,0,1,No,0,2,0,2,0,0,Metropolitan Excluding CBD
10/09/2013,16.55.00,No,Collision with vehicle,REAR END(VEHICLES IN SAME LANE),No,Day,No,T intersection,Serious injury accident,60 km/hr,144.90051,-37.74059,MOONEE VALLEY,METROPOLITAN NORTH WEST REGION,2,1,0,1,0,1,1,1,0,0,2,0,0,0,0,0,0,0,0,0,No,0,2,0,2,0,0,Metropolitan Excluding CBD
11/09/2013,18.31.00,Yes,Collision with vehicle,REAR END(VEHICLES IN SAME LANE),Yes,Unk.,No,Not at intersection,Other injury accident,60 km/hr,144.9204,-37.77219,MOONEE VALLEY,METROPOLITAN NORTH WEST REGION,2,1,0,0,1,1,1,0,1,0,1,0,0,0,0,0,0,0,0,0,No,0,2,0,1,0,0,Metropolitan Excluding CBD
12/09/2013,13.30.00,No,No collision and no object struck,OUT OF CONTROL ON CARRIAGEWAY (ON STRAIGHT),No,Day,No,Not at intersection,Other injury accident,100 km/hr,144.90245,-37.73555,MOONEE VALLEY,METROPOLITAN NORTH WEST REGION,1,1,0,0,1,0,1,0,0,0,0,0,0,1,0,0,0,0,0,0,No,0,1,0,0,1,0,Metropolitan Excluding CBD
15/09/2013,03.54.00,Yes,Collision with a fixed object,RIGHT OFF CARRIAGEWAY INTO OBJECT/PARKED VEHICLE,No,Dark Street lights on,Yes,Not at intersection,Other injury accident,100 km/hr,144.89219,-37.71481,MOONEE VALLEY,METROPOLITAN NORTH WEST REGION,1,1,0,0,1,0,0,1,0,0,1,0,0,0,0,0,0,0,0,0,No,0,1,0,1,0,0,Metropolitan Excluding CBD
15/09/2013,11.45.00,No,Collision with vehicle,VEHICLE STRIKES ANOTHER VEH WHILE EMERGING FROM DRIVEWAY,No,Day,No,Not at intersection,Other injury accident,Not known,144.90531,-37.77067,MOONEE VALLEY,METROPOLITAN NORTH WEST REGION,3,1,0,0,1,2,2,1,0,1,2,0,0,0,0,0,0,0,0,1,No,0,2,0,2,0,0,Metropolitan Excluding CBD
16/09/2013,08.30.00,No,Collision with vehicle,REAR END(VEHICLES IN SAME LANE),No,Day,Yes,T intersection,Other injury accident,60 km/hr,144.90251,-37.7702,MOONEE VALLEY,METROPOLITAN NORTH WEST REGION,2,2,0,0,2,0,0,2,1,0,1,0,0,0,0,0,0,0,0,0,No,0,2,0,1,0,0,Metropolitan Excluding CBD
18/09/2013,20.00.00,Yes,Struck Pedestrian,PED NEAR SIDE. PED HIT BY VEHICLE FROM THE RIGHT.,Yes,Dark Street lights on,No,Not at intersection,Other injury accident,60 km/hr,144.8921,-37.73724,MOONEE VALLEY,METROPOLITAN NORTH WEST REGION,2,1,0,0,1,1,0,1,0,0,1,1,0,0,0,0,0,0,0,0,No,0,1,0,1,0,0,Metropolitan Excluding CBD
19/09/2013,13.50.00,No,Collision with vehicle,RIGHT THROUGH,No,Day,Yes,T intersection,Other injury accident,60 km/hr,144.86508,-37.76946,MOONEE VALLEY,METROPOLITAN NORTH WEST REGION,3,1,0,0,1,2,2,1,0,0,3,0,0,0,0,0,0,0,1,1,No,0,3,0,3,0,0,Metropolitan Excluding CBD
23/09/2013,07.00.00,No,Collision with vehicle,REAR END(VEHICLES IN SAME LANE),No,Day,Yes,Not at intersection,Other injury accident,100 km/hr,144.90148,-37.73527,MOONEE VALLEY,METROPOLITAN NORTH WEST REGION,2,1,0,0,1,1,2,0,0,0,2,0,0,0,0,0,0,0,0,0,No,0,2,0,2,0,0,Metropolitan Excluding CBD
24/09/2013,06.00.00,Yes,Struck Pedestrian,FAR SIDE. PED HIT BY VEHICLE FROM THE LEFT,Yes,Dusk/Dawn,Yes,Not at intersection,Serious injury accident,100 km/hr,144.89145,-37.72421,MOONEE VALLEY,METROPOLITAN NORTH WEST REGION,2,1,0,1,0,1,1,0,0,0,0,1,0,0,1,0,0,0,0,0,No,0,1,0,0,0,0,Metropolitan Excluding CBD
25/09/2013,08.51.00,No,Collision with vehicle,RIGHT THROUGH,No,Day,Yes,T intersection,Other injury accident,60 km/hr,144.92373,-37.76526,MOONEE VALLEY,METROPOLITAN NORTH WEST REGION,2,1,0,0,1,1,2,0,0,0,2,0,0,0,0,0,0,0,0,0,No,0,2,0,2,0,0,Metropolitan Excluding CBD
25/09/2013,08.15.00,No,Collision with vehicle,U TURN,No,Day,No,Not at intersection,Other injury accident,60 km/hr,144.90739,-37.71933,MOONEE VALLEY,METROPOLITAN NORTH WEST REGION,2,2,0,0,2,0,2,0,1,0,1,0,0,0,0,0,0,0,0,0,No,0,2,0,1,0,0,Metropolitan Excluding CBD
27/09/2013,09.10.00,No,Collision with vehicle,RIGHT NEAR (INTERSECTIONS ONLY),Yes,Day,Yes,Cross intersection,Other injury accident,60 km/hr,144.90409,-37.77039,MOONEE VALLEY,METROPOLITAN NORTH WEST REGION,3,2,0,0,2,1,1,2,0,0,3,0,0,0,0,0,0,0,0,1,No,0,3,0,3,0,0,Metropolitan Excluding CBD
28/09/2013,14.00.00,Yes,No collision and no object struck,OUT OF CONTROL ON CARRIAGEWAY (ON STRAIGHT),No,Day,No,T intersection,Other injury accident,60 km/hr,144.92904,-37.77647,MOONEE VALLEY,METROPOLITAN NORTH WEST REGION,1,1,0,0,1,0,0,1,1,0,0,0,0,0,0,0,0,0,0,0,No,0,1,0,0,0,0,Metropolitan Excluding CBD
3/10/2013,09.17.00,No,Collision with vehicle,RIGHT THROUGH,No,Day,Yes,T intersection,Other injury accident,60 km/hr,144.93912,-37.786,MOONEE VALLEY,METROPOLITAN NORTH WEST REGION,3,1,0,0,1,2,2,1,0,0,3,0,0,0,0,0,0,0,0,0,No,0,3,0,3,0,0,Metropolitan Excluding CBD
3/10/2013,17.30.00,No,Collision with a fixed object,RIGHT OFF CARRIAGEWAY INTO OBJECT/PARKED VEHICLE,No,Dusk/Dawn,Yes,Not at intersection,Other injury accident,50 km/hr,144.91124,-37.73628,MOONEE VALLEY,METROPOLITAN NORTH WEST REGION,1,1,0,0,1,0,0,1,0,0,1,0,0,0,0,0,0,0,0,0,No,0,1,0,1,0,0,Metropolitan Excluding CBD
7/10/2013,20.40.00,Yes,Collision with vehicle,RIGHT NEAR (INTERSECTIONS ONLY),No,Dusk/Dawn,Yes,Cross intersection,Other injury accident,60 km/hr,144.90409,-37.77039,MOONEE VALLEY,METROPOLITAN NORTH WEST REGION,2,1,0,0,1,1,1,1,0,0,2,0,0,0,0,0,0,0,0,1,No,0,2,0,2,0,0,Metropolitan Excluding CBD
8/10/2013,07.51.00,No,Collision with vehicle,RIGHT THROUGH,No,Day,Yes,T intersection,Serious injury accident,60 km/hr,144.93396,-37.78255,MOONEE VALLEY,METROPOLITAN NORTH WEST REGION,3,1,0,1,0,2,1,1,1,1,1,0,0,0,0,0,0,0,0,0,No,0,2,0,1,0,0,Metropolitan Excluding CBD
9/10/2013,08.57.00,No,Collision with vehicle,RIGHT THROUGH,No,Day,Yes,T intersection,Other injury accident,60 km/hr,144.89043,-37.75404,MOONEE VALLEY,METROPOLITAN NORTH WEST REGION,2,1,0,0,1,1,0,2,0,0,2,0,0,0,0,0,0,0,0,0,No,0,2,0,2,0,0,Metropolitan Excluding CBD
11/10/2013,08.10.00,No,Collision with a fixed object,LEFT OFF CARRIAGEWAY INTO OBJECT/PARKED VEHICLE,No,Day,Yes,Not at intersection,Serious injury accident,60 km/hr,144.93463,-37.78292,MOONEE VALLEY,METROPOLITAN NORTH WEST REGION,2,1,0,1,0,1,2,0,1,0,1,0,0,0,0,0,0,0,0,0,No,0,2,0,1,0,0,Metropolitan Excluding CBD
11/10/2013,13.50.00,No,Collision with vehicle,REAR END(VEHICLES IN SAME LANE),No,Day,Yes,Not at intersection,Other injury accident,60 km/hr,144.9024,-37.74138,MOONEE VALLEY,METROPOLITAN NORTH WEST REGION,2,1,0,0,1,1,1,1,0,0,1,0,0,1,0,0,0,0,0,0,No,0,2,0,1,1,0,Metropolitan Excluding CBD
12/10/2013,01.20.00,Yes,Collision with vehicle,RIGHT THROUGH,No,Dark Street lights on,Yes,T intersection,Other injury accident,60 km/hr,144.92368,-37.76446,MOONEE VALLEY,METROPOLITAN NORTH WEST REGION,5,3,0,0,3,2,2,3,0,3,2,0,0,0,0,0,0,0,0,0,No,0,2,0,2,0,0,Metropolitan Excluding CBD
14/10/2013,16.35.00,No,Collision with vehicle,REAR END(VEHICLES IN SAME LANE),Yes,Day,Yes,Not at intersection,Other injury accident,100 km/hr,144.91893,-37.73302,MOONEE VALLEY,METROPOLITAN NORTH WEST REGION,4,1,0,0,1,3,2,2,0,1,3,0,0,0,0,0,0,0,0,0,No,0,3,0,2,0,0,Metropolitan Excluding CBD
14/10/2013,16.54.00,No,Collision with vehicle,RIGHT FAR (INTERSECTIONS ONLY),No,Day,Yes,T intersection,Other injury accident,60 km/hr,144.91114,-37.7768,MOONEE VALLEY,METROPOLITAN NORTH WEST REGION,2,2,0,0,2,0,2,0,0,0,2,0,0,0,0,0,0,0,1,1,No,0,2,0,2,0,0,Metropolitan Excluding CBD
14/10/2013,15.15.00,No,Collision with vehicle,REAR END(VEHICLES IN SAME LANE),No,Day,No,T intersection,Other injury accident,60 km/hr,144.89119,-37.72273,MOONEE VALLEY,METROPOLITAN NORTH WEST REGION,4,1,0,0,1,3,2,2,0,1,3,0,0,0,0,0,0,0,0,0,No,0,3,0,3,0,0,Metropolitan Excluding CBD
15/10/2013,17.40.00,No,Collision with vehicle,REAR END(VEHICLES IN SAME LANE),No,Day,Yes,Cross intersection,Other injury accident,50 km/hr,144.91581,-37.77389,MOONEE VALLEY,METROPOLITAN NORTH WEST REGION,3,1,0,0,1,2,1,2,0,0,3,0,0,0,0,0,0,0,0,0,No,0,3,0,3,0,0,Metropolitan Excluding CBD
15/10/2013,16.30.00,No,Collision with vehicle,RIGHT NEAR (INTERSECTIONS ONLY),No,Day,Yes,T intersection,Other injury accident,60 km/hr,144.86395,-37.7511,MOONEE VALLEY,METROPOLITAN NORTH WEST REGION,2,1,0,0,1,1,0,2,0,0,2,0,0,0,0,0,0,0,0,1,No,0,2,0,2,0,0,Metropolitan Excluding CBD
19/10/2013,08.00.00,No,Collision with vehicle,CROSS TRAFFIC(INTERSECTIONS ONLY),No,Day,Yes,Cross intersection,Other injury accident,50 km/hr,144.88982,-37.71494,MOONEE VALLEY,METROPOLITAN NORTH WEST REGION,2,1,0,0,1,1,1,1,0,0,2,0,0,0,0,0,0,0,0,0,No,0,2,0,2,0,0,Metropolitan Excluding CBD
19/10/2013,17.05.00,Yes,Collision with vehicle,RIGHT THROUGH,No,Day,No,T intersection,Other injury accident,60 km/hr,144.92262,-37.7802,MOONEE VALLEY,METROPOLITAN NORTH WEST REGION,2,1,0,0,1,1,0,2,0,0,2,0,0,0,0,0,0,0,0,1,No,0,2,0,2,0,0,Metropolitan Excluding CBD
23/10/2013,16.37.00,No,Collision with vehicle,REAR END(VEHICLES IN SAME LANE),No,Day,Yes,Y intersection,Other injury accident,60 km/hr,144.9283,-37.73623,MOONEE VALLEY,METROPOLITAN NORTH WEST REGION,3,1,0,0,1,2,2,0,0,0,2,0,0,0,1,0,0,0,0,1,No,0,3,0,2,0,0,Metropolitan Excluding CBD
24/10/2013,14.05.00,No,Collision with vehicle,LANE CHANGE LEFT (NOT OVERTAKING),No,Day,Yes,Not at intersection,Other injury accident,100 km/hr,144.8924,-37.71321,MOONEE VALLEY,METROPOLITAN NORTH WEST REGION,6,1,0,0,1,5,4,2,0,4,1,0,0,1,0,0,0,0,0,0,No,0,2,0,1,1,0,Metropolitan Excluding CBD
25/10/2013,15.30.00,No,Collision with vehicle,REAR END(VEHICLES IN SAME LANE),No,Day,No,T intersection,Other injury accident,60 km/hr,144.8894,-37.73395,MOONEE VALLEY,METROPOLITAN NORTH WEST REGION,2,1,0,0,1,1,2,0,0,0,2,0,0,0,0,0,0,0,0,0,No,0,2,0,2,0,0,Metropolitan Excluding CBD
25/10/2013,15.15.00,No,Collision with vehicle,REAR END(VEHICLES IN SAME LANE),No,Day,Yes,T intersection,Other injury accident,60 km/hr,144.86307,-37.7444,MOONEE VALLEY,METROPOLITAN NORTH WEST REGION,2,1,0,0,1,1,0,2,0,0,2,0,0,0,0,0,0,0,0,1,No,0,2,0,2,0,0,Metropolitan Excluding CBD
26/10/2013,12.30.00,No,Collision with vehicle,REAR END(VEHICLES IN SAME LANE),No,Day,No,Multiple intersection,Other injury accident,60 km/hr,144.92484,-37.76716,MOONEE VALLEY,METROPOLITAN NORTH WEST REGION,2,1,0,0,1,1,0,2,0,0,2,0,0,0,0,0,0,0,0,0,No,0,2,0,2,0,0,Metropolitan Excluding CBD
30/10/2013,16.10.00,No,Struck Pedestrian,PED EMERGES FROM IN FRONT OF PARKED OR STATIONARY VEHICLE,No,Day,Yes,Not at intersection,Other injury accident,50 km/hr,144.90951,-37.76171,MOONEE VALLEY,METROPOLITAN NORTH WEST REGION,2,1,0,0,1,1,1,1,0,0,1,1,0,0,0,0,0,0,0,0,No,0,1,0,1,0,0,Metropolitan Excluding CBD
1/11/2013,12.23.00,No,Collision with vehicle,VEHICLE COLLIDES WITH VEHICLE PARKED ON LEFT OF ROAD,No,Day,Yes,Not at intersection,Other injury accident,60 km/hr,144.92088,-37.75994,MOONEE VALLEY,METROPOLITAN NORTH WEST REGION,2,1,0,0,1,1,0,2,0,1,1,0,0,0,0,0,0,0,0,0,No,0,2,0,2,0,0,Metropolitan Excluding CBD
4/11/2013,11.00.00,No,Collision with vehicle,HEAD ON (NOT OVERTAKING),No,Day,Yes,Not at intersection,Other injury accident,60 km/hr,144.87949,-37.74766,MOONEE VALLEY,METROPOLITAN NORTH WEST REGION,4,1,0,0,1,3,4,0,0,2,2,0,0,0,0,0,0,0,0,0,No,0,2,0,2,0,0,Metropolitan Excluding CBD
5/11/2013,18.30.00,Yes,Collision with vehicle,REAR END(VEHICLES IN SAME LANE),No,Day,Yes,Not at intersection,Other injury accident,60 km/hr,144.92226,-37.78238,MOONEE VALLEY,METROPOLITAN NORTH WEST REGION,3,1,0,0,1,2,1,2,0,1,2,0,0,0,0,0,0,0,0,1,No,0,2,0,2,0,0,Metropolitan Excluding CBD
6/11/2013,00.30.00,Yes,No collision and no object struck,OUT OF CONTROL ON CARRIAGEWAY (ON STRAIGHT),No,Dark Street lights on,No,Cross intersection,Other injury accident,60 km/hr,144.92497,-37.7349,MOONEE VALLEY,METROPOLITAN NORTH WEST REGION,1,1,0,0,1,0,1,0,0,0,0,0,0,1,0,0,0,0,0,0,No,0,1,0,0,1,0,Metropolitan Excluding CBD